{
 "options": [
  [
   "glew:shared",
   "False"
  ],
  [
   "imgui:fPIC",
   "True"
  ],
  [
   "imgui:shared",
   "False"
  ],
  [
   "libiconv:fPIC",
   "True"
  ],
  [
   "libiconv:shared",
   "False"
  ],
  [
   "libjpeg:fPIC",
   "True"
  ],
  [
   "libjpeg:shared",
   "False"
  ],
  [
   "libpng:api_prefix",
   "None"
  ],
  [
   "libpng:fPIC",
   "True"
  ],
  [
   "libpng:shared",
   "False"
  ],
  [
   "libwebp:fPIC",
   "True"
  ],
  [
   "libwebp:near_lossless",
   "True"
  ],
  [
   "libwebp:shared",
   "False"
  ],
  [
   "libwebp:swap_16bit_csp",
   "False"
  ],
  [
   "libwebp:with_simd",
   "True"
  ],
  [
   "sdl2:fPIC",
   "True"
  ],
  [
   "sdl2:iconv",
   "True"
  ],
  [
   "sdl2:sdl2main",
   "True"
  ],
  [
   "sdl2:shared",
   "False"
  ],
  [
   "sdl2_image:bmp",
   "True"
  ],
  [
   "sdl2_image:fPIC",
   "True"
  ],
  [
   "sdl2_image:gif",
   "True"
  ],
  [
   "sdl2_image:imageio",
   "False"
  ],
  [
   "sdl2_image:jpg",
   "True"
  ],
  [
   "sdl2_image:lbm",
   "True"
  ],
  [
   "sdl2_image:pcx",
   "True"
  ],
  [
   "sdl2_image:png",
   "True"
  ],
  [
   "sdl2_image:pnm",
   "True"
  ],
  [
   "sdl2_image:shared",
   "False"
  ],
  [
   "sdl2_image:svg",
   "True"
  ],
  [
   "sdl2_image:tga",
   "True"
  ],
  [
   "sdl2_image:tif",
   "False"
  ],
  [
   "sdl2_image:webp",
   "True"
  ],
  [
   "sdl2_image:xcf",
   "True"
  ],
  [
   "sdl2_image:xpm",
   "True"
  ],
  [
   "sdl2_image:xv",
   "True"
  ],
  [
   "zlib:fPIC",
   "True"
  ],
  [
   "zlib:minizip",
   "False"
  ],
  [
   "zlib:shared",
   "False"
  ]
 ],
 "root": {
  "name": null,
  "version": null,
  "user": null,
  "channel": null
 }
}