{
 "options": [
  [
   "flac:fPIC",
   "True"
  ],
  [
   "flac:shared",
   "False"
  ],
  [
   "flac:use_asm",
   "False"
  ],
  [
   "glew:shared",
   "False"
  ],
  [
   "imgui:fPIC",
   "True"
  ],
  [
   "imgui:shared",
   "False"
  ],
  [
   "libiconv:fPIC",
   "True"
  ],
  [
   "libiconv:shared",
   "False"
  ],
  [
   "libjpeg:fPIC",
   "True"
  ],
  [
   "libjpeg:shared",
   "False"
  ],
  [
   "libmpg123:fPIC",
   "True"
  ],
  [
   "libmpg123:shared",
   "False"
  ],
  [
   "libpng:api_prefix",
   "None"
  ],
  [
   "libpng:fPIC",
   "True"
  ],
  [
   "libpng:shared",
   "False"
  ],
  [
   "ogg:fPIC",
   "True"
  ],
  [
   "ogg:shared",
   "False"
  ],
  [
   "sdl2:fPIC",
   "True"
  ],
  [
   "sdl2:iconv",
   "True"
  ],
  [
   "sdl2:sdl2main",
   "True"
  ],
  [
   "sdl2:shared",
   "False"
  ],
  [
   "sdl2_image:bmp",
   "True"
  ],
  [
   "sdl2_image:fPIC",
   "True"
  ],
  [
   "sdl2_image:gif",
   "False"
  ],
  [
   "sdl2_image:imageio",
   "False"
  ],
  [
   "sdl2_image:jpg",
   "True"
  ],
  [
   "sdl2_image:lbm",
   "False"
  ],
  [
   "sdl2_image:pcx",
   "False"
  ],
  [
   "sdl2_image:png",
   "True"
  ],
  [
   "sdl2_image:pnm",
   "False"
  ],
  [
   "sdl2_image:shared",
   "False"
  ],
  [
   "sdl2_image:svg",
   "False"
  ],
  [
   "sdl2_image:tga",
   "False"
  ],
  [
   "sdl2_image:tif",
   "False"
  ],
  [
   "sdl2_image:webp",
   "False"
  ],
  [
   "sdl2_image:xcf",
   "False"
  ],
  [
   "sdl2_image:xpm",
   "False"
  ],
  [
   "sdl2_image:xv",
   "False"
  ],
  [
   "sdl2_mixer:cmd",
   "False"
  ],
  [
   "sdl2_mixer:fPIC",
   "True"
  ],
  [
   "sdl2_mixer:flac",
   "True"
  ],
  [
   "sdl2_mixer:fluidsynth",
   "False"
  ],
  [
   "sdl2_mixer:mad",
   "False"
  ],
  [
   "sdl2_mixer:mikmod",
   "False"
  ],
  [
   "sdl2_mixer:modplug",
   "False"
  ],
  [
   "sdl2_mixer:mpg123",
   "True"
  ],
  [
   "sdl2_mixer:nativemidi",
   "False"
  ],
  [
   "sdl2_mixer:ogg",
   "False"
  ],
  [
   "sdl2_mixer:opus",
   "False"
  ],
  [
   "sdl2_mixer:shared",
   "False"
  ],
  [
   "sdl2_mixer:wav",
   "True"
  ],
  [
   "zlib:fPIC",
   "True"
  ],
  [
   "zlib:minizip",
   "False"
  ],
  [
   "zlib:shared",
   "False"
  ]
 ],
 "root": {
  "name": null,
  "version": null,
  "user": null,
  "channel": null
 }
}